player,swings,VSA,SBA,BatSpeed,AttackAngle,ContactAngle,SwM_Perc,IZ_SwM_Perc,FB_SwM_Perc,BB_SwM_Perc
"Abrams Jr., CJ",994,-26.86,-13.18,67.38,4.91,13.74,18.68,11.71,12.42,26.3
"Abreu, Jose",954,-31.48,-5.9,69.8,2.88,6.4,23.86,14.37,17.55,32.14
"Abreu, Wilyer",168,-34.06,-8.02,69.87,4.98,10.32,30.63,26.32,32.88,29.73
"Acuna, Ronald",1105,-34.52,-6.97,71.52,0.67,3.76,16.02,10.99,11.25,21.95
"Adames, Willy",1098,-33.62,-17.1,68.1,12.3,23.59,28.63,17.33,20.27,36.53
"Adams, Jordyn",93,-31.94,-14.8,61.91,4.61,10.52,30.59,19.05,24.39,32.14
"Adams, Riley",272,-34.97,-4.64,70.54,4.71,9.49,25.76,13.26,19.38,33.8
"Adell, Jo",131,-31.59,-4.92,74.8,4.98,10.21,34.65,21.18,28.57,48.39
"Aguilar, Jesus",78,-32.77,-4.87,68.21,7.2,13.94,20.51,15.38,4.17,24
"Alberto, Hanser",152,-32.62,-9.53,61.21,4.74,11.55,18.12,10.99,16.67,21.92
"Albies, Ozzie",1190,-33.87,-10.32,65.23,8.28,16.75,18.09,9.87,17.67,21.58
"Alfaro, Jorge",101,-34.28,-4.82,70.6,-0.2,0.84,29.9,3.51,14.89,41.18
"Allen, Greg",49,-32.01,-12.14,61.15,4.72,15.53,27.27,23.33,9.09,66.67
"Allen, Nick",556,-26.73,-5.39,61.34,-0.8,0.24,17.92,9.79,13.12,26.67
"Almonte, Abraham",42,-32.43,-8.46,64.36,10.51,22.2,35,16.67,18.75,33.33
"Alonso, Pete",985,-29.72,-11.52,70.89,8.61,18.74,23.46,14.54,11.58,34.63
"Altuve, Jose",693,-30.54,-18.87,66.4,10.47,23.7,16.94,9.77,11.76,24
"Alu, Jake",327,-34.77,-9.2,64.11,6.35,9.82,22.36,13.47,15.44,31.78
"Alvarez, Francisco",662,-28.95,-12.7,68.93,6.28,13.94,28.46,18.18,22.07,34.38
"Alvarez, Yordan",643,-34,-4.58,73.32,6.9,12.44,20.09,11.89,16.08,28.19
"Amaya, Miguel",274,-27.12,-10.97,68.37,6.94,17.71,23.6,12.64,12.24,35.06
"Anderson, Brian",517,-32.07,-16.76,66.61,6.02,13.48,29.35,19.76,25,31.03
"Anderson, Tim",938,-40.06,-9.64,64.82,2.5,4.58,23.4,13.88,18.47,27.3
"Andrus, Elvis",593,-27.56,-7.29,61.41,0.64,3.8,16.44,9.17,10,23.12
"Andujar, Miguel",164,-24.82,-2.95,67.01,4.03,10.89,18.83,9.2,5.71,33.33
"Aranda, Jonathan",200,-33.05,-12.99,68.06,5.79,11.06,25.77,21.01,28.57,30.36
"Arauz, Jonathan",128,-27.7,1.35,65.33,1.89,3.44,26.45,18.84,16.98,27.78
"Arcia, Orlando",913,-25.7,-10.35,64.66,3.73,9.94,23.36,15.55,17.68,30.17
"Arenado, Nolan",937,-33.37,-7.76,66.91,6.88,14.38,17.46,7.31,7.54,25.6
"Arias, Gabriel",637,-27.44,-13.1,69.64,2.72,7.58,35.53,24.17,31.91,40.09
"Arozarena, Randy",953,-23.22,-19.67,67.29,7.65,22.84,26.82,21.09,25.53,27.67
"Arraez, Luis",927,-37.84,-10.01,62.41,2.74,4.8,6.55,4.89,5.09,12.12
"Arroyo, Christian",298,-35.79,-6.44,68.76,3.52,6.46,20,11.05,13.89,32
"Azocar, Jose",137,-35.32,-6.97,64.76,0.32,2.51,22.56,17.11,23.29,23.33
"Baddoo, Akil",572,-29.79,-11.31,65.27,3.57,9.27,22.45,11.17,17.95,29.14
"Bader, Harrison",585,-23.48,-7.74,66.7,4.56,13.88,23.43,10.5,9.5,35.68
"Bae, Ji Hwan",557,-30.26,-6.98,62.25,-2.67,-5.12,21.5,16.02,14.86,33.59
"Baez, Javier",857,-27.51,-12.55,70.48,5.88,15.42,29.47,18.14,25.53,37.92
"Baker, Luken",215,-29.67,-8.69,64.34,4.6,9.43,30.65,20,21.79,43.28
"Barnes, Austin",273,-26.73,-7.58,64.2,0.19,2.63,18.8,12.14,13.29,27.71
"Barnhart, Tucker",185,-30.85,-11.14,63.82,5.12,10.58,21.23,8.4,18.39,25.42
"Bart, Joey",166,-36,-8.79,68.24,8.36,14.02,24.84,14.14,12.86,33.9
"Basabe, Osleivis",198,-23.85,-4.24,67.64,-3.62,-7.12,23.32,16.92,20.39,30.91
"Batten, Matthew",202,-21.55,0.84,64.73,-1.15,1.79,22.11,13.39,18.27,32.79
"Baty, Brett",638,-37.4,-9.81,69.86,3.62,6.56,29,17.14,20.91,43.11
"Bauers, Jake",495,-34.9,-12.26,70.56,8.76,15.95,31.42,19.62,26.18,38.1
"Beaty, Matt",135,-28.18,-4.42,64.66,7.29,16.15,19.85,7.32,8.77,32.35
"Bell, Josh",940,-32.74,-13.04,68.25,6.82,13.08,21.52,12.58,14.45,23.98
"Bellinger, Cody",922,-30.66,-11.22,66.53,7.04,14.84,18.53,11.74,16.45,24.08
"Belt, Brandon",628,-43.61,-11.07,67.61,7.22,11.54,29.26,22.66,28.92,34.78
"Benintendi, Andrew",960,-34.45,-13,64.3,4.64,8.97,16.58,13.14,14.8,22.05
"Benson, Will",550,-34.07,-13.6,64.69,6.94,13.24,28.88,19.51,23.14,36.31
"Berti, Jon",618,-28.18,-8.97,67.73,-1.14,-3.08,17.15,8.86,11.46,22.83
"Bethancourt, Christian",552,-25.48,-15.62,67.07,7.26,19.18,34.22,20.27,26.6,40.42
"Betts, Mookie",918,-34.47,-8.06,65.96,6.34,11.83,13.73,5.52,8.33,20.83
"Bichette, Bo",995,-37.99,-3.26,67.09,-2.3,-3.52,18.37,9.9,11.53,27.76
"Biggio, Cavan",499,-37.52,-8.45,63.65,6.21,10.84,20.13,10.22,11.24,34.15
"Blackmon, Charlie",529,-32.02,-3.95,64.24,3.81,8.09,15.53,8.28,8.64,24.6
"Blanco Lamadrid, Dairon",221,-31.26,-9.14,66.43,2.43,8.41,23.19,14.19,22.99,28.79
"Blankenhorn, Travis",67,-24.65,-20.99,65.43,4.76,17.4,28.33,21.88,10.34,38.46
"Bleday, JJ",531,-33.64,-12.2,66.68,9.07,16.76,24.45,16.06,21.54,25.23
"Bogaerts, Xander",982,-31.79,-5.24,65.47,2.82,5.83,19.26,11.54,12.74,24.72
"Bohm, Alec",936,-30.67,-8.23,68.9,1.91,4.62,15.88,10.19,10.97,20.08
"Bouchard, Sean",64,-36.14,-7.94,68.49,7.28,14.02,33.33,11.11,14.81,41.18
"Bradley, Jackie",155,-24.01,-17.97,66.38,6.01,17.62,32.88,20.65,20.34,40.74
"Brantley, Michael",82,-33.25,-4.03,66.83,4.21,8.43,7.32,3.45,3.92,12.5
"Bregman, Alex",882,-27.52,-12.48,66.92,6.39,15.66,11.66,6.07,7.64,17.26
"Brennan, Will",745,-31.8,-4.08,65.9,-0.29,-0.85,14.97,8.89,12.95,19.38
"Bride, Jonah",153,-28.45,-13.41,65.21,8.55,21.53,15.97,9.62,6.76,16.67
"Brosseau, Mike",51,-31.36,-19.97,65.68,9.13,19.71,26.53,18.42,38.89,25
"Brown, Seth",651,-31.88,-8.33,69.47,8.18,17.67,29.64,18.01,17.05,39.64
"Brujan, Vidal",126,-29.75,-10.56,61.95,3.68,8.28,16.38,14.1,10.17,46.67
"Bryant, Kris",448,-37.07,-11.32,65.2,9.21,16.4,22.14,12.76,11.7,36.29
"Burdick, Peyton",84,-35.24,-16.31,68.59,6.08,11.5,43.75,38.89,50,52.38
"Burger, Jake",915,-23.96,-13.34,71.66,6.89,18.97,31.64,18.33,20.75,43.94
"Burleson, Alec",547,-32.51,-9.21,65.1,3.87,8.72,15.12,8.87,13.43,17.76
"Busch, Michael",157,-36.57,-13.94,65.52,7.07,12.51,28.48,15.38,20.27,40
"Butler, Lawrence",244,-32.77,-4.61,69.04,5.06,9.88,27.12,16.27,15.09,29.85
"Buxton, Byron",459,-33.18,-12.47,70.65,11.86,23.73,30.23,18.12,28.5,34.07
"Caballero, Jose",457,-31.9,-3.32,62.77,3.55,10.6,20.66,11.89,13.47,32.77
"Cabbage, Trey",148,-34.18,-9.28,68.64,5.64,10.71,47.48,28,36.21,61.36
"Cabrera, Miguel",568,-31.89,-8.78,64.71,1.74,3.91,22.78,15.16,14.47,36.25
"Cabrera, Oswaldo",472,-31,-9.45,66.54,5.5,13,21.88,13.93,15.87,34.82
"Calhoun, Kole",339,-31.71,-12.01,64.77,8.43,16.77,21.5,10.09,10.32,22.58
"Calhoun, Willie",132,-16.93,-2.32,65.79,1.96,11.72,11.67,8.33,10.71,18.75
"Call, Alex",623,-27.3,-11.31,61.87,4.96,15.11,16.87,11.21,12.34,19.31
"Camargo, Johan",42,-30.72,-4.63,66.04,5.68,9.27,26.83,23.08,29.41,29.41
"Caminero, Junior",68,-23.31,-9.13,71.77,5.56,15.02,30.16,25,16,33.33
"Campusano-Bracero, Luis",315,-25.28,-9.79,63.86,3.07,8.75,15.25,9.28,14.18,11
"Canario, Alexander",41,-31.71,-16.06,76.18,10.53,21.96,42.5,30.77,34.78,40
"Candelario, Jeimer",929,-34.08,-9.28,64.45,6.09,11.86,21.38,13.66,15.13,34.14
"Canha, Mark",774,-29.11,-8.78,63.84,5.42,12.91,15.81,9.92,13.78,21.03
"Canzone, Dominic",343,-33.16,-15.93,66.57,9.28,20.09,24.16,16.4,16.67,33.64
"Capel, Conner",43,-29.67,-7.14,64.36,1.57,4.31,32.5,14.29,31.58,30.77
"Capra, Vinny",31,-34.63,-7.96,61.91,5.2,10.09,20.69,16.67,7.69,40
"Caratini, Victor",315,-30.8,-4.26,68.02,4.4,9.93,19.39,12.04,10.53,24.59
"Carlson, Dylan",384,-37.64,-10.87,65.36,7.27,12.58,18.48,12.25,11.05,24.73
"Carpenter, Kerry",794,-33.01,-21.24,66.35,9.44,19.18,22,13.63,20.39,19.92
"Carpenter, Matt",304,-36.09,-13.13,64.13,11.63,21.99,25.95,15.92,21.09,33.77
"Carroll, Corbin",1019,-24.11,-11.35,64.08,0.4,5.89,18.4,11.51,14.66,21.21
"Carter, Evan",120,-33.03,6.18,66.09,-1.25,-1.81,29.2,22.73,27.42,24.14
"Casali, Curt",103,-36.18,-8.66,62.52,5.81,12.68,22.22,12.82,11.29,52
"Casas, Triston",772,-36.25,-11.31,69.45,8.45,15.22,26.16,20.52,19.59,37.11
"Castellanos, Nick",1178,-38.64,-8.64,67.57,10.02,17.48,33.75,19.71,16.97,45.79
"Castro, Harold",439,-41.78,-12.69,64.87,8.72,13.02,28.11,13.25,23.49,37.5
"Castro, Rodolfo",345,-33.61,-12.55,67.92,9.83,19.1,30.79,15.35,12.69,48.42
"Castro, Willi",720,-36.58,0.5,67.45,2.68,3.76,24.86,14.62,20.14,26.84
"Cave, Jake",301,-36.24,-17.27,64.72,7.31,13.82,21.99,14.65,15.17,27.38
"Chang, Yu",135,-29.45,-14.25,65.02,6.39,16.45,36.15,19.23,19.64,51.72
"Chavis, Michael",177,-26.4,-12.8,68.28,5.09,13.43,32.14,20.62,26.39,35.29
"Chisholm, Jazz",536,-33.55,-15.33,68.04,10.22,19.79,32.25,23.36,22.08,40.32
"Choi, Ji Man",194,-29.82,-17.13,65.45,7.01,15.36,29.28,17.97,26.03,41.51
"Clemens, Kody",215,-30.5,-14.27,67.82,8.87,19.55,24.04,17.39,22.33,25
"Clement, Ernie",89,-34.42,-5.57,62.16,4.86,12.23,8.05,3.77,4.65,16.67
"Colas, Oscar",402,-32.34,-2.21,71.21,2.43,5.68,30.51,17.57,28.3,40.32
"Contreras, William",937,-26.55,-15.31,67.14,4.17,11.52,25.84,17.9,21.05,31.25
"Contreras, Willson",805,-31.79,-9.53,70,3.49,7.88,25.96,14.43,18.77,31.33
"Cooper, Garrett",795,-40.61,-11.57,69.13,6.88,11.23,28.32,16.17,21.63,38.7
"Cordero, Franchy",40,-33.85,-4.84,72.98,5.85,10.67,30.77,25.93,13.64,66.67
"Correa, Carlos",793,-32.21,-5.9,70.21,4.39,9.35,21.96,13.6,11.75,34.96
"Cowser, Colton",152,-38.79,-8.83,66.58,4.17,7.09,23.97,18.63,27.69,17.95
"Crawford, Brandon",665,-29.41,-16.49,66.39,8.21,17.97,28.59,17.44,16.46,43.59
"Crawford, J.P.",884,-31.91,-1.48,67.65,1.59,3.52,16.67,11,11.53,22.81
"Cron, C.J.",371,-29.82,-7.5,69.02,4.13,9.41,22.38,15.49,13.13,33.33
"Cronenworth, Jake",761,-31.98,-5.1,64.38,2.3,3.16,12.57,6.35,5.65,22.97
"Cropley, Tyler",24,-33.45,-10.74,66.17,6.72,13.15,33.33,26.32,75,25
"Crow-Armstrong, Pete",41,-40.32,-8.79,65.25,0.64,4.23,43.59,50,52,12.5
"Cruz, Nelson",187,-31.6,-6.37,69.29,4.87,10.76,28.25,16.82,14.29,33.8
"D'Arnaud, Travis",505,-29.3,-11.7,69,4.07,10.81,27.2,20.46,22.27,33.96
"Dalbec, Bobby",97,-35.67,-19.1,67.71,6.91,12.86,46.81,34.48,58.97,38.89
"Davis, Henry",492,-26.56,-8.09,66.1,5.2,12.98,25.83,13.1,13.24,43.23
"Davis, J.D.",1147,-35.09,-16.95,67.59,5,9.03,31.01,21.45,25.42,39.35
"Davis, Jonathan",167,-30.46,-11.51,65.06,1.92,6.54,25.32,18.26,20,33.33
"Daza, Yonathan",37,-39.66,-3.38,64.35,-1.73,2.63,2.7,0,0,6.25
"De La Cruz, Bryan",1086,-37.04,-11.8,68.27,5.76,10.99,25.26,19.21,19.92,30.72
"De La Cruz, Elly",757,-34.98,-7.33,72.87,3.57,7.16,27.24,15.74,22.09,33.71
"DeJong, Paul",710,-34.92,-11.82,65.65,9.12,16.73,31.85,19.81,24.39,40.25
"DeLuca, Jonny",92,-27.47,-11.88,68.07,8.33,19.39,24.44,8.33,10.42,38.1
"Delay, Jason",301,-34.34,-7.91,61.97,4,9.14,25,13.83,16.18,40
"Devers, Rafael",1104,-26.17,-14.11,69.92,5.37,14.27,23.06,20.41,25.8,20.28
"Diaz, Aledmys",451,-27.86,0.37,66.84,1.33,4.6,19.55,13.29,16.75,21.38
"Diaz, Elias",911,-29.82,-1.2,69.05,1.13,2.64,26.29,15.24,19.19,33.99
"Diaz, Isan",39,-28.76,-13.42,67.76,13.19,31.5,36.11,21.43,0,30
"Diaz, Jordan",533,-24.54,-10.58,68.76,4.2,11.85,27.24,11.69,15.89,41.53
"Diaz, Yainer",671,-29.22,-17.07,69.77,7.27,16.72,25.77,13.65,21.99,29.57
"Diaz, Yandy",839,-25.27,-7.73,68.33,-0.69,-0.84,17.17,9.39,14.18,23.87
"Dickerson, Corey",295,-29.22,-6.9,67.28,3.53,7.86,19.24,10.56,15.45,19.1
"Dixon, Brandon",129,-27.33,-7.09,69.93,4.6,11.07,31.15,21.25,22.64,40
"Dominguez, Jasson",60,-31.12,-4.95,72.69,4.23,8.77,28.81,16.67,16.67,40
"Donaldson, Josh",296,-22.37,-25.48,63.98,8.91,27.99,25.88,20,21.43,31.25
"Donovan, Brendan",466,-31.06,-8.49,65.79,1.08,2.23,11.38,5.85,9.5,15.54
"Doyle, Brenton",746,-29.06,-18.69,66.92,7.42,15.64,33.88,18.01,22.84,45.28
"Dozier, Hunter",79,-30.66,-10.33,63.89,5.54,14.58,23.53,12.77,10,45
"Drury, Brandon",813,-30.65,-9.28,68.12,4.3,9.84,27.82,15.23,23.61,33.84
"Dubon, Mauricio",786,-32.26,-6.68,65.48,1.11,2.48,16.31,11.69,16.19,14.23
"Duffy, Matt",297,-34.53,-2.5,62.78,0.12,1.65,21.09,15.87,5.19,41.89
"Duran, Ezequiel",750,-26.78,-10.22,68.38,3.32,9.67,25.45,14.58,19.88,30.77
"Duran, Jarren",621,-30.67,-5.73,68.38,-0.33,0.13,22.93,9.95,16.36,29.58
"Duvall, Adam",590,-30.17,-15.38,68.71,13.3,29.45,29.46,18.02,19.77,39.15
"Eaton, Nate",71,-30.46,-9.74,64.82,3.19,7.95,26.47,15.69,20.59,42.86
"Edman, Tommy",687,-23.11,-12.62,68.28,4.88,13.42,14.22,5.38,10.06,21.16
"Edwards, Xavier",136,-31.17,-3.87,59.51,-1.87,3.99,14.93,8.89,10.53,16
"Ellis, Drew",37,-32.28,-5.63,68.24,8.37,17.05,22.86,14.29,15.38,20
"Encarnacion-Strand, Christian",507,-35.51,-17.24,69.04,10.22,18.62,27.16,16.61,22.03,32.89
"Escobar, Eduardo",514,-30.77,-13.79,65.34,8.48,15.74,27.86,23.36,28.09,30.67
"Espinal, Santiago",358,-32.21,-6.41,63.68,2.15,6.01,16.72,8.86,13.07,20.21
"Fairchild, Stuart",369,-34.5,-10.82,65.57,8.52,14.86,30.92,20.53,21.16,42.7
"Farmer, Kyle",594,-32.43,-12.95,63.3,6.08,13.02,19.51,9.92,12.24,30.65
"Fermin, Freddy",470,-38.1,-9.19,64.2,5.76,12.09,21.73,11.69,16.36,28.57
"Fermin, Jose",92,-27.17,-1.62,63.17,-1.71,2.48,9.3,6.45,5.88,18.75
"Fletcher, David",137,-25.82,4.95,61.26,-4.44,-7.12,14.5,9.2,6.45,21.95
"Fletcher, Dominic",178,-29.98,-9.53,63.47,0.65,2.91,19.19,11.76,10.39,33.9
"Florial, Estevan",138,-34.33,-13.27,69.72,9.33,18.84,34.81,26.67,23.81,42.42
"Ford, Mike",456,-29.63,-13.78,64.35,8.9,19.84,29.02,18.4,19.15,35.85
"Fortes, Nick",477,-21.2,-5.17,63.37,0.23,6.57,14.35,10.19,9.63,25
"Fraley, Jake",559,-38.5,-2.86,68.96,6.51,9.92,22.75,13.39,13.41,39.23
"France, Ty",1163,-34.35,-11.02,66.56,4.74,9.84,20.18,9.15,13.33,26.99
"Franco, Wander",652,-30.47,-10.75,69.06,3.7,7.85,12.83,9.35,12.15,12.94
"Frazier, Adam",648,-35.18,-3.68,63.84,2.71,4.95,19.4,9.7,13.33,27.55
"Frazier, Clint",125,-30.94,-11.87,65.56,5.47,12.22,30.09,18.52,18.18,30.43
"Freeman, Freddie",1194,-42.55,-9.15,66.49,5.07,7.9,18.46,12.33,14.21,25.22
"Freeman, Tyler",280,-32.48,-1.71,66.31,-2.04,-3.07,16.1,8.38,12.06,27.27
"Frelick, Sal",381,-26.94,-4.36,62.67,0.9,2.1,12.81,7.14,11.76,16.35
"Friedl, Jr, TJ",779,-26.64,1.21,62.71,0.42,4.39,14.97,7.39,6.41,20.12
"Fry, David",248,-30.75,-13.4,67.1,9.34,20.67,25.32,20.55,19.63,35.06
"Gallagher, Cam",246,-27.11,-4.05,64.76,3,8.33,19.83,15.07,20.16,21.67
"Gallo, Joey",546,-34.95,-18.67,70.67,16.89,31.6,43.1,31.94,33.06,52.07
"Gamel, Ben",28,-37.59,-2.48,63.43,-2.36,-2.12,7.41,4.17,10,14.29
"Garcia, Adolis",1041,-28.96,-17.32,68.4,6.56,16.12,30.64,20.74,27.36,33.88
"Garcia, Avisail",120,-31.37,-12.58,68,5.99,12.43,36.21,16.13,22.5,35.71
"Garcia, Jose",156,-34.75,-8.89,65.96,12.53,23.33,34,17.53,17.54,46.88
"Garcia, Luis",713,-28.63,-10.04,67.95,4.31,10.32,15.66,8.95,9.19,17.99
"Garcia, Maikel",807,-27.27,-14.05,66.27,1.8,5.32,18.34,12.19,17.75,20.96
"Garlick, Kyle",29,-35.7,-15.58,69.62,9.11,17.21,34.48,26.32,25,60
"Garrett, Stone",495,-29.64,-7.7,69.92,5.86,13.04,30.32,20.7,22.54,36.88
"Garver, Mitch",552,-27.05,-15.31,65.15,9.01,21.11,20.67,12.86,12.86,29.44
"Gelof, Zack",612,-32.5,-23.85,66.13,10.68,21.21,32.12,25.19,24.3,42.61
"Gimenez, Andres",1043,-30.4,-7.86,64.39,3.17,7.84,22.26,13.37,18.53,25.61
"Goldschmidt, Paul",1072,-31.43,-16.99,68.67,5.66,12.67,24.44,19.55,17.55,31.44
"Gomes, Yan",702,-32.41,-10.96,65.7,7.23,14.81,22.58,14.18,16.87,27.52
"Gonzales, Nick",268,-40.85,-18.68,64.68,13.37,21.75,30.35,19.55,20.91,38.3
"Gonzalez, Oscar",279,-30.87,-4.48,70.84,2.14,4.02,29.71,16.78,24.79,36.08
"Gonzalez, Romy",91,-28.49,-12.19,69.47,2.7,7,35.23,21.15,16.28,56.67
"Goodman, Hunter",151,-22.56,-7.23,71.46,5.58,16.77,35.21,16.22,20.97,48.08
"Gordon, Nick",77,-34.05,-10.89,67.79,6.72,11.88,21.05,4.26,15,29.41
"Gorman, Nolan",772,-35.7,-14.64,69.12,11.58,21.61,34.06,24.17,33.1,36.61
"Grandal, Yasmani",596,-25.56,-13.2,67.68,4.44,11.55,22.51,15.52,17.98,34.62
"Greene, Riley",642,-42.74,-9.96,72.58,5.27,9.18,25.44,17.67,15.88,40.76
"Grichuk, Randal",828,-26.2,-10.25,69.62,5.81,16.11,25,12.15,17.2,36.86
"Grisham, Trent",801,-30.19,-21.04,64.45,7.84,19.95,21.8,15.59,15.8,28.27
"Grissom, Vaughn",77,-39.54,-4.75,63.44,0.57,0.36,22.54,8.16,13.16,32
"Grossman, Robbie",552,-34.88,-10.56,64.23,7.86,14.75,17.53,10.59,9.23,29.01
"Guerrero, Vladimir",1041,-28.02,-1.94,71.34,1.29,3.39,21.41,12.41,15.25,27.47
"Guillorme, Luis",163,-30.77,-10.31,61.49,0.45,2.44,15.92,9.01,8.99,25
"Gurriel, Lourdes",929,-33.69,-5.55,65.97,2.7,5.99,16.16,8.13,8.35,24.4
"Gurriel, Yuli",516,-22.18,-3.02,65.76,2.35,7.83,14.76,9.39,12.37,19.44
"Guthrie, Dalton",58,-29.23,-9.49,63.85,3.69,8.67,29.82,26.47,29.63,38.89
"Haase, Eric",464,-26.64,-10.71,67.8,5.8,14.58,28.05,16.85,23.77,33.56
"Haggerty, Sam",172,-30.86,1.92,63.96,0.73,3.54,21.25,14.53,11.76,23.08
"Hall, Darick",75,-28.23,-10.4,68.96,2.93,9.22,17.81,5.88,11.43,20
"Hamilton, David",73,-33.72,-2.66,65.65,4.04,7.02,18.84,8.89,11.43,0
"Hampson, Garrett",367,-28.02,-6.81,61.03,1.31,5.11,24.27,14.54,14.37,38.95
"Haniger, Mitch",433,-32.24,-14.57,67.16,7.74,16.49,26.8,14.84,17.49,35.96
"Happ, Ian",1076,-30.77,-10.54,68.13,5.63,11.98,22.31,14.58,16.98,29.02
"Harper, Bryce",1033,-34.73,-10.74,69.83,6.35,11.87,32.14,19.03,22.91,38.9
"Harris, Michael",954,-27.97,-6.63,69.82,2.14,5.1,21.6,13.65,14.22,27.34
"Harrison, Josh",122,-33.14,-15.66,65.18,6.58,13.04,21.01,21.18,21.05,21.05
"Haseley, Adam",40,-28.6,-7.98,64.05,-0.48,-2.23,21.05,20,15,36.36
"Hayes, Ke'Bryan",702,-27.58,-6.83,69.13,2.52,6.34,20.35,10.34,12.15,28.92
"Hays, Austin",870,-27.53,-18.66,65.78,7.44,18.65,26.03,13.79,19.22,32.03
"Hedges, Austin",313,-25.86,-10.48,62.22,3.39,17.73,27.99,17.68,18.18,39.02
"Heim, Jonah",854,-28.27,-15.88,65.69,6.55,15.39,20.44,14.11,21.7,21.32
"Heineman, Tyler",67,-28.92,-3.62,58.99,-0.05,6.79,16.39,12.5,17.65,0
"Henderson, Gunnar",980,-32.49,-10.64,70.91,4.81,9.9,22.33,15.35,19.51,26.21
"Hensley, David",45,-32.63,-10.71,68.04,4.85,9.09,25,8.82,29.41,29.41
"Hernandez, Enrique",744,-26.55,-3.88,67.34,2.39,5.93,20.49,13.1,11.6,31.8
"Hernandez, Teoscar",1245,-31.96,-14.3,68.63,7.25,14.63,33.39,21.71,24.53,37.95
"Hernandez, Yonny",38,-30.22,-9.02,60.85,0.18,3.94,31.58,20,26.92,71.43
"Herrera, Ivan",87,-33.81,-9.08,70.4,3.9,8.52,22.35,14.29,13.21,31.58
"Herrera, Jose",168,-33.65,-1.45,61.98,1.32,2.47,17.61,9.68,11.39,22.92
"Heyward, Jason",571,-29.42,-3.41,69.94,5.67,12.56,19.71,10.14,5.99,30.39
"Hicks, Aaron",457,-28.14,-11.3,62.28,5.38,12.68,21.34,14.58,13.33,29.03
"Higashioka, Kyle",439,-31.03,-8.84,67.05,7.15,15.35,23.63,12.28,14.67,28.66
"Hill, Derek",97,-30.72,-2.94,61.06,-0.88,6.88,21.18,12.5,4.88,39.39
"Hilliard, Sam",55,-24.27,-10.13,68.47,2.68,10.64,26.53,20,23.08,33.33
"Hoerner, Nico",960,-31.44,-2.63,65.7,1.1,1.39,11.23,5.31,4.94,20.15
"Hopkins, TJ",71,-32.59,-15.63,67.17,7.66,16.67,32.35,17.78,21.05,44.44
"Horwitz, Spencer",83,-37.37,-13.51,65.89,6.76,11.59,25,12.5,7.89,44
"Hosmer, Eric",72,-27.17,-9.52,69.89,0.45,1.91,17.14,14.63,20,16.67
"Huff, Sam",81,-32.63,-11.4,69.52,8.43,16.98,42.31,25,19.35,61.76
"Ibanez, Andy",665,-28.69,-9.35,65.37,3.45,8.41,20.92,10.98,14.29,27.13
"India, Jonathan",659,-30.82,-11.12,66.52,5.67,12.1,22.49,15.47,13.08,35.12
"Isbel, Kyle",418,-20.63,-3.83,66.58,1.97,7.42,16.75,8.39,6.88,29.25
"Jankowski, Travis",372,-34.3,9.61,59.84,-1.66,-4.56,10.36,6.4,4.29,20.83
"Jansen, Danny",485,-27.99,-12.02,66.29,6.46,15.73,20.04,14.53,18.6,22.48
"Jeffers, Ryan",528,-31.33,-7.75,68.28,5.86,12.52,26.88,16.56,18.11,37.06
"Jimenez, Eloy",703,-24.31,-8.81,70.17,4.27,11.81,25.11,13.7,9.84,35.89
"Joe, Connor",712,-31.12,-0.41,65.39,0.95,2.44,20.82,13.68,11.71,33.33
"Johnson, Bryce",87,-36.06,-1.7,59.94,1.36,0.41,27.71,15.69,23.91,40
"Jones, Jahmai",24,-34.44,-18.69,66.62,4.93,8.49,31.82,27.78,25,33.33
"Jones, Nolan",696,-37,-8.07,69.22,3.88,6.42,29.79,23.13,26.9,37.34
"Judge, Aaron",676,-41.51,-8.81,68.2,10.28,16.38,31.79,22.2,19.27,41.18
"Julien, Edouard",615,-43.23,-16.31,65.7,5.37,9.71,25.48,17.62,14.67,43.31
"Julks, Corey",453,-35.65,-3.62,68.24,3.92,8.04,20.27,12.95,11.57,28.66
"Jung, Josh",815,-36.75,-10.36,68.25,7.25,12.34,26.81,15.03,20.83,33.13
"Kelenic, Jarred",629,-30.36,-18.07,67.72,9.12,20.22,30.91,17.38,20.45,40.1
"Kelly, Carson",252,-30.18,-7.66,66.56,5.85,13.27,27.35,20.59,17.19,38.96
"Kemp, Tony",585,-29.49,-11.97,59.23,5.89,12.37,11.21,7.89,6.18,18.75
"Kennedy, Buddy",45,-36.29,2.9,67.04,2.43,4.58,18.18,13.89,23.08,30.77
"Kepler-Rozycki, Max",790,-30.19,-5.16,67.64,5.56,10.94,18.66,9.18,11.82,24.46
"Kessinger, Grae",75,-28.22,-13.16,64.99,8.25,20.9,27.14,22.92,29.73,15.79
"Kieboom, Carter",166,-29.03,-4.4,67.29,3.28,10.59,30.86,20.72,26.92,34.78
"Kiermaier, Kevin",628,-29.7,-8.63,65.52,3.77,7.89,27.64,18.71,18.18,40.11
"Kim, Ha-Seong",951,-23.91,-11.13,63.22,3.66,12.35,15.24,11.04,12.92,17.95
"Kiner-Falefa, Isiah",547,-31.56,-6.21,65.28,1.07,3.35,16.67,9.19,9.4,21.84
"Kirilloff, Alex",540,-34.49,-24.59,66.83,12.2,22.86,25.53,15.08,18.07,36.43
"Kirk, Alejandro",601,-22.62,-11.3,66.09,1.81,6.79,10.09,4.71,5.88,17.34
"Kjerstad, Heston",59,-37.4,-8.27,70.47,11.24,19.39,35.09,15.63,26.92,42.86
"Knizner, Andrew",430,-24.11,-10.74,66.35,4.49,13.49,24.69,15.65,19.02,36.57
"Kohlwey, Taylor",21,-38.11,0.13,64.82,1.97,2.89,28.57,14.29,20,50
"Kwan, Steven",971,-33.49,-1.95,60.79,-0.42,-3.07,9.47,4.5,6.75,14.9
"Lamb, Jake",33,-31.13,-14.07,67.33,3.28,7.8,34.38,26.32,27.27,42.86
"Langeliers, Shea",780,-28.18,-12.82,71.4,8.18,19.95,30.98,21.96,24.27,40
"Larnach, Trevor",192,-39.48,-7.28,69.28,10.27,17.38,32.43,20.15,18.52,46.55
"Laureano, Ramon",629,-35.03,-8.96,66.4,3.99,8.32,27.42,11.76,18.86,33.67
"Lawlar, Jordan",69,-34.62,-14.1,59.75,9.11,13.35,29.03,17.78,21.43,40.91
"LeMahieu, DJ",761,-28.26,-13.72,64.7,2.12,6.53,17.45,10.83,11.05,22.75
"Lee, Korey",151,-29.78,-13.23,66.73,4.95,11.87,30.61,17.89,15.58,33.33
"Leon, Sandy",59,-32.94,-11.53,63.46,9.35,18.04,19.64,20,20,15.79
"Lester, Josh",35,-35,-16.07,70.54,12.63,23.82,31.43,19.05,20,33.33
"Lewis, Kyle",79,-35.37,-18.26,69.32,12.18,22.14,29.87,26.92,34.62,29.41
"Lewis, Royce",414,-25.45,-11.72,69.04,5.59,15.46,22.92,12.6,18.59,22.92
"Lindor, Francisco",1150,-31.24,-11.82,66.91,7.06,14.76,19.59,12.34,14.31,27.78
"Lipcius, Andre",89,-36.94,-19.82,58.82,8.27,16.74,23.08,19.64,15.56,33.33
"Locastro, Tim",104,-28.52,-12.27,62.31,7.16,17.48,31.68,25.4,31.67,18.75
"Loftin, Nick",109,-32.04,-4.83,65.39,4.47,8.9,20.39,11.76,9.43,40.63
"Longoria, Evan",311,-35.68,-14.37,67.75,11.37,20.36,26.09,16.16,13.29,40.66
"Lopez, Irving",29,-26.02,-10.15,60.41,9.55,24.48,33.33,13.33,7.14,50
"Lopez, Nicky",401,-27.3,-21.6,61.7,4.2,9.79,19.63,15,20.48,19.51
"Lowe, Brandon",722,-34.94,-9.9,67.36,7.19,14.42,27.21,14.88,22.18,36.49
"Lowe, Josh",905,-35,-3.68,70.02,1.85,3.68,28.2,17.08,24.76,32.89
"Lowe, Nathaniel",1096,-29.86,-15.62,70.33,2.43,5.8,17.03,9.28,16.45,20.75
"Lukes, Nathan",51,-34.35,-10.97,66.85,-2.58,-5.45,10,2.78,3.23,20
"Luplow, Jordan",169,-29.75,-23.86,66.15,9.78,23.91,31.48,25,31.18,30.23
"Machado, Manny",926,-24.07,-9.15,70.09,2.94,9.81,20.46,13.28,16.08,26.74
"Madrigal, Nick",428,-25.47,-3.11,61.68,-1.83,-2.16,7.44,1.15,3.83,12.78
"Madris, Bligh",61,-34.38,-3.18,65.22,4.39,5.9,28.07,19.51,3.45,46.67
"Maile, Luke",298,-32.65,-13.32,64.4,6.43,13.5,21.25,12.5,14.81,34.25
"Maldonado, Martin",656,-29.92,-16.88,64.97,8.95,21.75,33.44,23.96,29.54,40.09
"Mancini, Trey",363,-33.25,-11.85,68.62,7.24,14.02,30.51,21.55,20.65,43.12
"Marcano, Tucupita",319,-32.25,-11.79,63.05,7.11,13.61,15.41,7.73,8.61,24.64
"Margot, Manuel",487,-26.65,-3.48,67.42,0.95,4.06,21.11,14.51,14.69,27.65
"Marisnick, Jake",133,-35.41,-2.51,64.03,1.12,4.68,22.05,12.82,11.94,36.59
"Marlowe, Cade",231,-40.85,-13.94,62.51,11.34,18.1,28.24,21.62,26.92,33.73
"Marsh, Brandon",664,-40.68,-8.8,68.29,4.43,7.41,24.88,15.14,19.17,40.24
"Marte, Ketel",962,-31.38,-2.15,68.67,3.37,8.08,18.85,11.5,10.93,26.18
"Marte, Noelvi",215,-29.76,-2.91,70.01,2.06,4.94,23.41,12.68,16.3,26.42
"Marte, Starling",469,-34.48,-7.49,67.39,3.43,5.48,24.78,12.37,13.64,37.08
"Martinez, J.D.",851,-37.71,-11.16,66.3,8.29,14.44,31.67,18.73,19.25,43.55
"Martinez, J.P.",85,-25.56,-11.57,65.24,5.95,18.6,28.4,21.43,29.41,50
"Martini, Nick",154,-31.99,-9.75,67.16,2.67,6,15.54,10.09,12.82,21.62
"Massey, Michael",794,-33.38,-7.41,67.43,6.98,14.45,18.18,10.58,14.82,21.56
"Mastrobuoni, Miles",214,-33.9,-9.39,60,5.66,11.89,18.04,13.39,12.77,18.52
"Mateo, Jorge",523,-28.37,-2.25,66.64,0.35,6.01,26.38,14.11,15.53,36.41
"Mathias, Mark",64,-32.09,-13.52,65.58,2.98,6.48,22.58,16.67,25,20
"Maton, Nick",400,-37.91,-11.87,65.02,9.75,16.82,28.76,21.74,13.95,39.31
"Mauricio, Ronny",217,-24.45,-6.48,69.44,4.47,11.04,28.78,19.8,21.98,44.68
"McCann, James",365,-35.79,-8.71,66.19,6.92,12.17,29.75,15.67,20.12,38.71
"McCarthy, Jake",476,-34.54,-5.66,62.86,2.19,4.98,20.44,10.53,11.52,30.94
"McCormick, Chas",794,-37.12,-21.78,66.1,10.29,18.33,28.03,19.56,21.39,33.2
"McCutchen, Andrew",670,-33.47,-12.71,67.24,8.21,17.4,25.24,17.08,18.06,33.68
"McGuire, Reese",311,-31.28,-5.07,64.29,2.25,6.15,21.57,12.64,18.18,28.71
"McKenna, Ryan",211,-29.21,-9.97,67.06,4,9.75,35.96,19.7,26,33.33
"McKinney, Billy",249,-35.86,-13.19,68.09,10.88,19.55,27.08,17.34,19.15,38.75
"McKinstry, Zach",835,-37.57,-7,65.24,5.17,9.35,17.8,10.12,11.66,25.6
"McLain, Matt",666,-32.56,-16.08,66.76,7.43,15.26,25.24,14.41,16.2,35.12
"McMahon, Ryan",1062,-37.36,-10.7,69.03,3.95,6.88,30.35,22.66,27.44,37
"McNeil, Jeff",997,-31.86,-3.95,63.4,2.79,4.77,12.05,6.25,6.38,20.92
"Mead, Curtis",176,-30.08,-5.85,66.45,3.25,6.96,23.17,13.46,17.33,28.07
"Meadows, Parker",260,-31.97,-3.74,65.1,4.22,7.93,21.54,10.84,15.15,32.08
"Mejia, Francisco",240,-29.6,-10.34,65.86,9.65,21.81,20.17,11.02,19.75,24.1
"Melendez, MJ",979,-30.57,-19.81,67.39,8.65,17.98,29.76,23.07,27.78,32.98
"Mendick, Danny",134,-28.35,-11.42,61.14,2.28,8.63,21.31,15.22,10.77,32.35
"Meneses, Joey",1027,-33.23,-6.46,65.65,4.37,8.41,20.97,11.45,12.91,31.73
"Mercado, Oscar",63,-36.36,-4.09,65.54,4.45,8.81,21.67,14.63,7.69,35
"Merrifield, Whit",995,-33.3,-10.59,61.79,5.84,12.62,16.86,10.65,10.02,25.61
"Mervis, Matt",196,-30.66,-6.73,69.44,7.1,15.15,29.84,18.18,19.74,38.67
"Meyers, Jake",511,-32.08,-12.35,62.21,5.95,14.73,22.58,13.69,12.39,34.44
"Millas, Drew",70,-31.69,-4.93,63.22,-2.29,-3.21,18.46,12.77,8.82,18.18
"Miller, Brad",47,-24.11,-12.67,64.87,3.82,13.26,18.18,18.75,13.64,20
"Miller, Owen",466,-32.4,-11.7,68.08,6.1,12.51,17.14,10.66,11.26,23.24
"Miranda, Jose",100,-24.02,-15.81,66.65,5.04,16,18.37,6.45,19.23,14.81
"Mitchell, Garrett",43,-34.25,-7.59,68.42,-0.54,1.8,29.27,15.38,30,0
"Monasterio, Andruw",552,-33.8,-8.73,63.26,4.43,8.24,20.83,13.49,15.07,30.38
"Moncada, Yoan",560,-37.53,-5.6,69.82,5.45,9.16,27.61,16.57,16.13,41.86
"Moniak, Mickey",701,-35.07,-10.84,68.69,9.95,19.35,35.88,24.01,33.33,41.43
"Montero, Elehuris",514,-35.17,1.22,71.07,7.33,12.78,35.59,17.24,13.98,47.55
"Montes, Coco",74,-38.93,-6.87,68.2,6.63,11.16,26.03,15.91,25.81,21.74
"Moore, Dylan",328,-32.57,-10.09,66.94,9.7,19.48,32.37,23.56,25.83,40.54
"Morel, Christopher",851,-25.48,-16.51,69.46,8.91,24.04,34.6,22.67,26.77,41.86
"Moreno, Gabriel",541,-34.51,-9.51,67,1.46,4.16,17.3,9.22,13.41,18.67
"Motter, Taylor",132,-27.81,-5.97,68.04,3.58,8.07,25.98,15.48,18.92,40
"Mountcastle, Ryan",689,-37.58,-4.37,71.7,1.81,3.1,24.36,11.61,19.17,29.91
"Moustakas, Mike",699,-26.06,-7.64,66.67,4.6,11.57,24.55,16.35,17.96,28.8
"Mullins II, Cedric",710,-26.21,-8.15,65.17,5.22,16.35,22.22,15.01,17.46,24.34
"Muncy, Max",837,-32.77,-18.04,68,12.66,25.65,27.35,19.62,18.56,40
"Murphy, Sean",676,-31.18,-12.38,68.6,5.78,11.62,22.28,15.04,17.59,28.57
"Myers, Dane",130,-30.57,-11.22,68.37,2.74,6.9,25.2,22.09,23.08,26.67
"Myers, Wil",119,-27.09,-19.51,65.42,11.01,24.49,28.18,15.49,13.04,40.91
"Naquin, Tyler",21,-33.88,-10.76,67.5,9.45,20.33,61.9,58.33,62.5,33.33
"Narvaez, Omar",234,-38.16,-10.12,63.23,6.38,10.46,15.32,12.18,10.26,26.42
"Naylor, Bo",449,-31.47,-9.95,67.24,3.41,7.17,18.35,11.62,17.73,18.64
"Naylor, Josh",773,-29.78,-9.93,66.1,4.65,7.75,17.57,8.05,10.75,26.64
"Neto, Zach",526,-34.75,-13.76,64.88,7.66,15.9,28.6,17.66,17.74,41.01
"Nevin, Tyler",143,-34.79,-15.11,64.46,5.84,11.08,20.74,16.33,14.29,25
"Newman, Kevin",300,-33.58,-4.81,64.86,3.84,7.56,13.4,6.86,8,23.68
"Nido, Tomas",53,-31.76,-18.21,64.09,7.86,22.92,33.33,13.79,9.09,50
"Nimmo, Brandon",1040,-27.41,-7.88,68,2.34,5.05,18.47,11.58,12.3,27.52
"Noda, Ryan",788,-33.3,-14.84,64.85,8.38,17.07,34.13,23.28,28.36,40.56
"Nola, Austin",135,-23.47,-8.42,61.24,-3.84,-2.94,10.69,3,7.14,16.67
"Nootbaar, Lars",702,-29.07,-8.84,67.32,3.46,8.44,15.26,9.51,8.9,24.85
"O'Hearn, Ryan",673,-33.26,-13.8,67.88,7.09,12.74,21.95,14.04,15.16,29.13
"O'Hoppe, Logan",301,-30.36,-16.41,65.57,11.1,25.08,28.62,17.41,14.88,39.05
"O'Keefe, Brian",43,-30.2,-20.98,62.66,9.17,22.4,48.72,40,40.91,55.56
"O'Neill, Tyler",382,-33.33,-11.49,68.29,7.98,14.69,21.7,11.2,14.29,27.78
"Odor, Rougned",210,-25.62,-6.37,66.78,6.08,12.82,24.37,14.07,14.47,30.56
"Ohtani, Shohei",825,-34.28,-11.38,72.83,8.37,15.54,29.88,19.25,21.75,39.26
"Olivares, Edward",537,-27.5,-8.37,67.13,3.14,8.32,21,12.36,15.75,27.78
"Olson, Matt",1190,-34.35,-8.75,70.97,5.08,9.63,23.05,19.95,19.96,28.87
"Ortega, Rafael",253,-28.95,-6.33,62.36,3.7,11,21.4,17.65,20.16,25.37
"Ortiz, Joey",35,-31.37,-5.31,69.66,-1.69,-1.87,22.86,8.7,10,55.56
"Outman, James",938,-33.71,-10.77,68.39,8.6,17.37,33.33,22.13,28.61,40.73
"Owings, Chris",57,-29.91,-15.16,63.76,8.76,17.16,34.55,25,17.39,50
"Ozuna, Marcell",1018,-34.65,-10.85,70.8,7.07,14.9,24.34,14.22,15.27,33.53
"Pache, Cristian",139,-27.98,-15.07,64.43,5.52,12.06,35.88,27.66,30.26,32.26
"Palacios, Josh",496,-29.28,-11.43,66.6,4.19,10.1,23.94,14.79,15.53,36.24
"Palacios, Richie",185,-25.29,-7.6,62.3,2.19,7.07,13.89,8.82,10,26.53
"Paredes, Isaac",901,-31.87,-8.17,64.89,11.89,24.75,17.81,9.98,7.6,27.57
"Paris, Kyren",98,-28.43,-4.56,66.5,4.91,13.06,32.98,22.06,9.38,39.39
"Pasquantino, Vinnie",290,-31.87,-2.71,66.43,4.76,9.68,13.14,5.52,10.99,15.48
"Pederson, Joc",791,-28.55,-7.38,68.45,5.5,12.75,22.49,15.29,15.76,29.55
"Peguero, Liover",437,-26.27,0.19,66.79,1.87,3.85,27.23,17.45,12.81,48.28
"Pena, Jeremy",976,-32.51,-9.69,67.61,6.11,13.56,25.16,11.56,10.26,35.28
"Peralta, David",715,-32.2,-3.56,68.54,2.19,4.18,20.98,12.05,14.89,29.95
"Peraza, Oswald",326,-26.23,-9.14,66.98,5.45,14.31,31.29,20.28,19.87,40.43
"Perdomo, Geraldo",717,-32.74,-5.09,58.95,1.67,7.14,13.14,8.52,7.26,23.91
"Pereira, Everson",213,-29.22,-19.77,67.23,8.44,19.66,40.3,25.87,28.92,47.37
"Perez, Carlos",354,-29.8,-0.28,65.14,4.38,10.55,17.51,9.13,8.48,25.77
"Perez, Roberto",38,-29.46,-14.88,66.38,2.56,8.84,29.41,26.09,26.32,30.77
"Perez, Salvador",1020,-33.77,-11.78,68.5,9.03,18.26,28.15,16.25,18.43,35.64
"Perkins, Blake",248,-27.53,-3.4,60.49,1.18,5.83,20.27,14.97,21.19,21.15
"Peterson, Jace",615,-32,-6.99,62.85,5,9,23.38,13.84,13.74,30.9
"Pham, Tommy",717,-27.36,-8.05,68.23,2.69,7.48,22.21,12.68,10.73,29.38
"Phillips, Brett",131,-35.24,-18.79,64.73,8.99,17.04,38.1,26.09,34.94,52.94
"Pillar, Kevin",345,-32.19,-9.8,66.69,9.13,18.52,23.42,14.15,17.81,26.79
"Pina, Manny",27,-33.99,-9.13,63.65,4.26,8.46,12.5,0,9.09,16.67
"Pinto, Rene",225,-29.95,-13.69,68.5,6.43,12.87,34.11,26.42,40.35,26.98
"Polanco, Jorge",581,-36.2,-8.68,65.78,8.49,15.6,23.09,13.41,14.85,26.47
"Pollock IV, AJ",214,-28.18,-16.03,68.57,8.42,19.88,22.33,11.45,18.92,26.67
"Porter, Logan",63,-28.27,-18.54,65.45,8.3,26.03,31.15,19.05,23.33,53.85
"Pratto, Nick",549,-40.01,-3.79,66.16,7.28,11.83,32.26,16.91,20.16,50
"Profar, Jurickson",768,-30.85,-8.32,66.24,5.49,11.46,16.3,8.73,9.41,25.51
"Querecuto, Juniel",41,-27.18,-10.9,57.54,-0.71,4.76,33.33,20.83,16.67,75
"Rafaela, Ceddanne",201,-30.82,-13.88,64.46,5.18,11.66,28.35,20.17,19.59,35.48
"Raleigh, Cal",1000,-29.47,-12.87,70.73,9.97,21.91,27.26,16.16,19.3,35.59
"Raley, Luke",659,-27.63,-13.38,70.29,9.4,22.46,35.83,19.31,25,46.37
"Ramirez, Harold",752,-33.73,-0.41,68.05,-1.26,-1.71,26.18,14.65,20.19,33.83
"Ramirez, Jose",991,-28.49,-3.66,65.93,3.96,9.83,14.27,7.11,8.33,19.05
"Ramos, Henry",112,-33.92,-7.43,65.2,5,8.72,28.7,13.56,24.53,38.1
"Realmuto, J.T.",864,-35.83,-12.96,69.91,8.31,16.06,24.82,16.27,20,30.29
"Refsnyder, Rob",329,-33.47,-15.54,67.92,6.41,13.01,20.06,15.61,16.67,27.38
"Remillard, Zach",267,-30.28,-7.47,63.26,3.47,9.81,30.04,17.61,23.78,38.16
"Rendon, Anthony",181,-34.4,-6.52,64.15,5.88,10.06,17.65,10.24,11.88,21.62
"Renfroe, Hunter",876,-24.48,-6.37,69.19,5.98,15.25,24.48,15.9,14.83,34.93
"Rengifo, Luis",677,-31,-14.07,66.4,6.58,14.28,23.79,12.21,15.33,33.51
"Reyes, Franmil",33,-27.58,-16.03,72.18,8.86,20.99,18.18,8.7,7.14,31.25
"Reyes, Pablo",305,-25.22,-9.03,62.26,0.82,7.79,13.57,9.27,11.69,9.88
"Reynolds, Bryan",1032,-37.73,-10.31,65.64,6.11,10.96,25.98,13.75,15.87,39.91
"Riley, Austin",1191,-33.98,-9.38,71.01,5.09,9.52,25.18,17.7,20.58,35.14
"Rios, Edwin",36,-39.09,-11.56,67.63,10.23,18.21,36.36,23.81,12.5,83.33
"Rivas, Alfonso",240,-39.52,-7.4,65.21,3.36,4.77,26.09,14.11,22.13,32.14
"Rivera, Emmanuel",473,-34.32,-7.36,66.51,4.31,8.86,24.56,13.73,15.88,36.11
"Rizzo, Anthony",568,-32.51,-7.62,66.73,6.8,14.14,23.79,12.61,17.69,32.1
"Robert, Luis",1030,-35.19,-5.86,70.66,8.15,14.86,32.1,17.14,25.17,36.56
"Robles, Victor",91,-34.54,-11.05,65.99,7.86,14.6,16.85,8.96,7.89,21.88
"Rocchio, Brayan",185,-28.24,-11.45,63.8,2.9,5.4,30.51,18.92,19.44,45.16
"Rodgers, Brendan",336,-29.44,-7.58,66.69,3.32,6.85,22.96,12.27,12.8,34.15
"Rodriguez, Endy",372,-32.5,-7.73,65.56,6.15,12.65,19.66,10.39,15.19,29.29
"Rodriguez, Julio",1171,-32.01,-7.66,71.49,3.78,8.8,25.87,13.38,16.63,33.68
"Rogers, Jake",571,-29.66,-23.76,65.85,10.66,23.44,30.61,22.08,25.48,36.56
"Rojas, Johan",322,-21.88,-4.4,61.79,-0.51,3.89,24.67,12.77,17.92,39.78
"Rojas, Josh",476,-32.59,-8.89,62.99,5.09,9.72,20.92,13.93,18.41,25.19
"Rojas, Miguel",657,-32.08,-0.61,65.43,0.33,0.67,14.57,7.13,4.52,26.15
"Rooker, Brent",856,-36.6,-8.59,67.2,7.13,13,34.3,18.96,21.15,52.45
"Rortvedt, Ben",138,-29.15,-17.21,66.84,7.25,16.23,26.32,14.89,20.27,40.63
"Rosario, Amed",832,-28.38,-3.46,68.03,0.86,2.02,19.71,10.42,14.84,28.04
"Rosario, Eddie",919,-29.86,-16.1,67.03,8.24,18.86,27.48,19.92,25.39,32.23
"Rosario, Eguy",76,-29.41,0.59,64.14,1.45,4.51,26.76,15.22,20,34.78
"Ruf, Darin",95,-32.47,-11.56,66.49,6.48,12.81,26.37,14.29,12.2,45.16
"Ruiz, Esteury",704,-33.58,-7.22,62.84,2.52,4.73,21.77,12.3,14.02,29.95
"Ruiz, Keibert",813,-32.31,-1.98,64.1,5.74,10.81,12.7,6.85,6.46,16.15
"Rutherford, Blake",74,-30.11,-10.3,67.03,4.12,8.3,28.17,14.29,16.67,44
"Rutschman, Adley",1004,-36.8,-8.91,67.33,5.07,8.82,13.03,8.27,9.8,15.48
"Salazar, Cesar",24,-31.76,-10.25,65.59,11.95,22.59,20.83,8.33,8.33,0
"Sanchez, Gary",457,-27.5,-12.88,66.34,7.56,18.85,25.42,14.13,16.58,31.72
"Sanchez, Jesus",695,-29.97,-9.49,70.62,1.83,3.74,25.22,14.01,19.19,34.16
"Santana, Carlos",925,-25.35,-12.21,68.03,6.76,17.29,19.82,13.88,15.35,27.4
"Santander, Anthony",1107,-27.35,-7.03,70.29,5.46,13.38,19.67,13.26,16.74,21.18
"Schanuel, Nolan",227,-37.83,-9.44,61.25,4.06,6.92,15.45,13.66,7.48,16.33
"Schneider, Davis",242,-33.81,-19.28,63.59,10.28,20.65,35.4,29.24,34.41,32.89
"Schoop, Jonathan",214,-28.79,-4.56,70.61,3.19,7.36,24.15,18.18,18.35,25.81
"Schwarber, Kyle",1051,-27.04,-14.25,67.41,6.91,18.84,29.11,19.45,21.58,42.7
"Seager, Corey",915,-33.19,-10.2,68.01,5.64,11.2,21.78,9.21,15.76,29.18
"Segura, Jean",471,-25.47,-4.3,67.29,-1.89,-2.57,18.1,12.89,16.89,20.39
"Semien, Marcus",1116,-33.55,-9.02,64.57,6.77,14.62,15.65,9.95,7.66,22.77
"Senzel, Nick",501,-32.1,-12.15,65.37,7.52,15.33,19.32,11.27,12.94,27.05
"Sheets, Gavin",555,-29.51,-2.18,68.76,5.63,12.2,18.73,13.99,9.01,29.2
"Short, Zack",424,-30.28,-10.03,63.32,2.81,7.3,25,16.88,24.06,27.27
"Singleton, Jon",174,-28.69,-4.36,66.62,6.36,13.07,21.21,8.62,13.92,37.78
"Siri, Jose",620,-32.06,-15.25,68.26,8.7,18.7,38.36,24.58,32.09,43.04
"Smith, Dominic",889,-34.48,-10.84,64.71,7.06,13.67,16.44,11.3,10.7,20.4
"Smith, Josh H.",333,-34.99,-6.96,65,2.14,4.52,16.04,8.14,12.28,23.21
"Smith, Kevin",161,-29.81,-12.76,65.98,4.77,11.35,25.48,15.22,19.51,32
"Smith, Pavin",307,-31.46,-7.74,67.99,5.24,10.42,17.97,7.88,9.35,21.59
"Smith, Will",973,-34.28,-9.41,64.93,3.06,5.79,18.12,14.37,16.91,22.73
"Soderstrom, Tyler",270,-29.78,-12.34,68.14,6.02,13.93,31.91,15.98,20.75,36.76
"Solano, Donovan",675,-35.87,-8.31,64.91,4.29,7.02,23.2,13.92,15.57,37.43
"Sosa, Edmundo",558,-34.82,-6.8,69,4.78,9.5,24.82,16.76,22.39,30.23
"Sosa, Lenyn",253,-33.15,-12.33,64.92,2.61,6.78,20.49,12,17.19,27.03
"Soto, Juan",906,-23.98,-18.86,67.06,5.43,16.28,15.97,9.59,11.25,20.27
"Springer, George",1114,-30.96,-10.3,66.59,4.19,9.7,20.52,13.75,12.98,27.43
"Stallings, Jacob",397,-31.88,-6.34,61.41,1.05,3.95,18.63,8.08,10.1,26.42
"Stanton, Giancarlo",668,-27.09,-8.52,73.87,2.45,6.59,33.06,22.16,25.43,40.48
"Steer, Spencer",1011,-28.93,-8.03,67.84,5.05,11.7,21.26,13.97,15.56,26.37
"Stefanic, Michael",105,-29.63,-3.91,60.38,-3.07,-3.11,6,4.17,1.72,12.5
"Stephenson, Tyler",678,-37.04,-13.39,66.45,6.02,10.8,25.74,14.65,16.23,37.5
"Stevenson, Andrew",64,-32.85,-4.87,63.3,-1.65,-2.41,22.58,9.52,17.14,35.29
"Stewart, DJ",380,-25.44,-17.77,66.88,8.03,20.85,33.15,26.19,30.77,27.08
"Story, Trevor",339,-32.21,-10.8,66.38,5.48,11.25,28.79,18.48,19.54,44.55
"Stott, Bryson",946,-31.23,-10.12,65.3,1.48,3.66,13.76,8.54,11.27,18.72
"Stowers, Kyle",50,-35.01,-13.47,68.94,4.44,8.64,26.09,16.13,19.23,42.86
"Straw, Myles",694,-33.06,-4.12,62.76,-1.85,-2.61,11.96,8.66,9.22,19.48
"Stubbs, Garrett",198,-24.84,-6.95,58.17,4.24,9.89,19.55,9.52,9.38,37.25
"Suarez, Eugenio",1156,-37.52,-17.16,66.14,10.7,19.52,29.17,18.67,23.01,37.66
"Sullivan, Brett",136,-31.29,-2.66,63.05,3.88,5.38,17.46,8.99,16.42,25.81
"Suwinski, Jack",790,-34.01,-8.61,67.32,5.58,11.41,27.45,16.31,19.44,38.34
"Suzuki, Seiya",919,-30.64,-6.69,67.28,1.59,3.36,18.91,15.21,16.25,24.19
"Swanson, Dansby",1045,-34.55,-15.3,67.12,8.54,16.81,26.65,19.17,20.26,32.07
"Tapia, Raimel",272,-37.69,-4.32,66.96,0.08,-0.27,26.32,21.74,23.77,30.43
"Tatis, Fernando",1234,-29.55,-15.6,66.59,5.11,12.69,28.52,19.11,22.96,33.33
"Tauchman, Mike",701,-33.36,-8.07,64.28,-1.28,-2.31,21.03,14.66,17.9,19.65
"Taveras, Leody",919,-30.82,-0.3,66.22,1.18,1.42,21.7,13.82,14.46,29.17
"Taylor, Chris",686,-38.65,-14.54,65.27,9.98,17.25,31.7,24.79,23.61,37.38
"Taylor, Michael A.",566,-31.54,-15.79,66.66,5.82,15.4,32.08,18.37,23.85,40.1
"Taylor, Samad",152,-33.82,-12.54,62.82,5.85,15.95,32.62,26.14,15.94,45.95
"Taylor, Tyrone",462,-33.61,-10.05,66.41,9.21,17.74,22.82,12.99,15.94,27.94
"Tellez, Rowdy",434,-28.4,0.13,69.93,3.08,7.05,17.58,9.74,8.24,25.58
"Tena, Jose",66,-32.43,-10.29,67.22,3.8,6.38,25.76,15.69,10,44.44
"Thaiss, Matt",502,-28.2,-15.63,67.36,4.96,11.08,29.72,24.45,31.91,28.07
"Thomas, Alek",610,-26.53,-10.25,64.58,2.1,6.28,21.78,9.55,15.11,30.41
"Thomas, Cody",108,-33.99,-8.53,66.83,1.77,2.12,34.34,25,27.27,31.25
"Thomas, Lane",1000,-27.85,-10.04,67.33,4.33,11.46,19.62,9.99,10.31,29.49
"Thompson, Bubba",54,-14.88,-21.35,59.06,2.5,11.81,38.3,28.13,35,35.29
"Thompson, Trayce",257,-38.43,-17.78,64.96,11.98,20.1,41.05,30.64,34.68,42.86
"Toglia, Michael",302,-33.66,-9.29,69.92,7.98,16.43,36.59,16.94,21.77,54.32
"Torkelson, Spencer",1102,-30.67,-8.75,69.54,7.42,15.85,22.12,13.54,14.26,30.33
"Toro-Hernandez, Abraham",22,-31.17,-3.05,69.92,6.68,13.6,31.82,14.29,42.86,16.67
"Torrens, Luis",31,-30.36,-15.56,64.21,6.94,13.94,13.79,4.55,0,36.36
"Torres, Gleyber",1106,-34.29,-14.09,65.12,3.84,8.73,18.34,14.24,14.86,22.29
"Tovar, Ezequiel",1140,-35.88,-6.79,68.8,4.7,8.88,28.76,17.35,21.84,36.18
"Trammell, Taylor",99,-30.36,-10.41,65.8,8.21,16.74,38.04,26.15,33.33,41.38
"Trejo, Alan",337,-35.2,-11.99,63.49,6.41,13.47,19.25,10.48,10.67,27.08
"Trevino, Jose",154,-22.98,-11.88,65.3,2.7,9.23,14.58,9.64,8.06,22.81
"Triolo, Jared",382,-39.55,-7.36,63.68,6.1,11.32,30.47,17.36,16.67,43.94
"Trout, Mike",451,-36.66,-8.44,71.9,5.16,9.26,24.54,16.82,20.79,35.51
"Tucker, Kyle",1012,-36.99,-4.33,65.97,5.55,8.24,16.82,11,10.48,23.4
"Turang, Brice",738,-27.32,-4.13,62.9,-0.37,2.84,16.27,12.32,14.81,20.34
"Turner, Justin",991,-34.74,-10.81,62.54,4.77,9.75,14.73,8.2,10.84,21.29
"Turner, Trea",1227,-28.29,-10.94,67.03,5.58,15,27.58,16.16,14.36,41.34
"Urias, Luis",283,-29.39,-25.41,62.05,10.82,26.16,24.05,13.59,20.86,20.51
"Urias, Ramon",566,-25.57,-18.46,66.22,5.83,15.57,24.54,14.59,20.98,24.46
"Urshela, Gio",291,-33.63,-9.62,66,0.91,1.49,15.09,8.57,11.51,20
"Valdez, Enmanuel",235,-27.21,-16.06,66.01,8.33,21.4,23.11,13.48,16.98,27.12
"Vargas, Ildemaro",452,-23.44,-7.83,65.73,2.09,9.02,10.81,5.76,7.89,16.84
"Vargas, Miguel",408,-35.59,-9.18,65.94,4.89,9.62,18.6,13.01,17.26,24.72
"Varsho, Daulton",930,-27.1,-10.92,69.58,6.06,14.4,21.59,13.75,18.52,24.06
"Vaughn, Andrew",916,-28.76,-7.62,66.44,4.82,10.86,21.58,10.97,9.82,36.18
"Vavra, Terrin",57,-38.86,-13.62,65.32,0.91,3.46,22.81,18.18,21.43,30.77
"Vazquez, Christian",503,-29.36,-15.97,63.15,4.59,12.28,23.66,17.91,22.18,30.71
"Velazquez, Andrew",201,-31.82,-16.73,60.48,4.58,13.83,31.72,24.81,28.13,36.59
"Velazquez, Nelson",306,-29.76,-12.58,68.54,9.87,21.94,32.78,24.4,16.15,42.31
"Verdugo, Alex",808,-29.54,-5.64,63.08,2.86,6.21,13.89,5.83,8.2,26.94
"Vientos, Mark",431,-30.28,-18.1,68.85,8.45,18.84,32.6,23.02,25.81,35
"Vierling, Matt",819,-29.18,-4.17,66.62,-0.27,-1.03,16.26,10.34,12.73,22.76
"Vogelbach, Daniel",438,-33.21,-9.04,66.94,7.46,14.67,19.58,10.17,12.77,28.28
"Voit, Luke",54,-36.31,-22.6,64.12,9.04,16.67,46.81,38.24,25,43.75
"Volpe, Anthony",949,-32.48,-16.62,65.25,9.59,19.48,25.17,15.54,18.18,33.44
"Votto, Joey",481,-37.87,-17.38,62.83,9.96,18.99,28.7,21.78,18.13,39.71
"Wade, Tyler",66,-35.01,1.4,60.74,-0.14,-1.87,17.19,10.64,14.81,26.09
"Walker, Christian",1124,-29.99,-5.62,70.07,4.19,9.18,23.97,14.25,16.67,32.72
"Walker, Jordan",719,-36.74,4.41,68.55,0.23,1.38,26.77,15.81,14.9,36.4
"Wall, Forrest",31,-30.17,-9.08,60.76,0.91,-1.04,10,11.76,10,0
"Wallach, Chad",303,-30.16,-16.25,66.94,7.78,17.09,32.63,18.78,24.14,37.23
"Wallner, Matt",515,-33.15,-13.93,70.38,5.81,11.97,33.19,25.23,29.41,38.94
"Walls, Taylor",471,-31.55,-13.8,64.17,7.67,16.19,24.6,16.67,20.72,27.63
"Walsh, Jared",184,-29.47,-17.67,68.66,10.07,21.53,44.63,32.71,41.57,56.41
"Ward, Taylor",484,-29.92,-8.29,67.25,3.96,8.16,18.95,9.74,12.78,26.59
"Waters, Drew",644,-40.95,-10.57,68.06,8.35,12.99,29.98,19.9,19.61,39.89
"Wells, Austin",175,-35.66,-12.04,67.83,9.68,17.19,27.22,16.19,10.61,41.67
"Wendle, Joey",525,-27.17,-10.01,63.83,4.45,11.76,21.76,12.79,12.05,30
"Westburg, Jordan",438,-31.5,-14.57,65.43,7.37,15.28,23.97,16.14,16.93,28.06
"Wiemer, Joey",631,-22.44,-14.03,62.35,1.58,14.78,30.81,20.22,23.16,36.86
"Williams, Alika",232,-35.66,-7.96,62.64,4.9,9.14,30.41,16.44,19.01,41.38
"Wilson, Weston",38,-35.2,-14.14,71.72,10.59,19.78,29.73,25.81,20,50
"Winker, Jesse",267,-31.65,-16.37,66.08,6.41,13.05,21.96,14.81,17.05,25
"Winn, Masyn",234,-28.24,-3.3,63.55,0.26,5.12,18.06,13.29,8.49,18.84
"Wisdom, Patrick",437,-30.68,-13.94,70.42,8.93,19.79,30.73,20.86,26.34,36.52
"Witt Jr, Bobby",1085,-30.51,-3.78,70.83,1.59,4.12,21.29,13.92,16.05,28.75
"Wong, Connor",725,-32.74,-16.72,66.96,8.18,16.7,30.2,18.58,23.7,43.67
"Wong, Kolten",369,-30.52,-7.88,64.87,4.02,9.73,19.26,10.57,13.46,23.86
"Wynns, Austin",257,-35.09,-6.87,65.6,3.57,9.08,25.1,19.77,16.34,39.22
"Yelich, Christian",945,-36.1,-11.08,68.81,1.24,3.01,22.84,13.39,14.15,34.97
"Yepez, Juan",128,-31.63,-7.25,68.03,2.81,9.47,25.41,14.08,27.27,29.41
"Yoshida, Masataka",788,-29.71,-6.88,68.8,2.18,4.82,16.51,9.78,7.45,26.07
"Young, Jacob",231,-29.1,-9.11,59.41,0.06,1.9,19.53,7.75,7.87,26.83
"Young, Jared",85,-30.45,-15.87,68.37,5.41,9.73,27.5,23.33,28.26,38.46
"Zavala, Seby",343,-37.19,-14.72,63.54,10.14,17.89,32.52,18.78,23.49,41.38
"Zunino, Mike",174,-32,-15.54,69.88,9.92,23.32,39.29,24.51,30.12,49.12